{"1": {"global_step": 876, "best_epoch": 1, "acc": 0.5115736126899719, "best_acc": 0.5115736126899719, "loss": 1.0320755691697063, "epoch_time": 1344.3519654273987}, "2": {"global_step": 1752, "best_epoch": 2, "acc": 0.5679550170898438, "best_acc": 0.5679550170898438, "loss": 0.9983295257028924, "epoch_time": 1341.91348862648}, "3": {"global_step": 2628, "best_epoch": 3, "acc": 0.6036313772201538, "best_acc": 0.6036313772201538, "loss": 0.9801237877781532, "epoch_time": 1342.4698231220245}, "4": {"global_step": 3504, "best_epoch": 4, "acc": 0.6176470518112183, "best_acc": 0.6176470518112183, "loss": 0.9671505751368934, "epoch_time": 1340.5619411468506}, "5": {"global_step": 4380, "best_epoch": 5, "acc": 0.6279464960098267, "best_acc": 0.6279464960098267, "loss": 0.9576933017740511, "epoch_time": 1342.9159440994263}, "6": {"global_step": 5256, "best_epoch": 6, "acc": 0.6406880617141724, "best_acc": 0.6406880617141724, "loss": 0.9504987501980144, "epoch_time": 1345.2858436107635}, "7": {"global_step": 6132, "best_epoch": 7, "acc": 0.6582077145576477, "best_acc": 0.6582077145576477, "loss": 0.9441171142589168, "epoch_time": 1347.2248787879944}, "8": {"global_step": 7008, "best_epoch": 8, "acc": 0.6720110774040222, "best_acc": 0.6720110774040222, "loss": 0.9387700805891322, "epoch_time": 1345.155907869339}, "9": {"global_step": 7884, "best_epoch": 9, "acc": 0.673179030418396, "best_acc": 0.673179030418396, "loss": 0.9340005986494561, "epoch_time": 1349.0611004829407}, "10": {"global_step": 8760, "best_epoch": 10, "acc": 0.680293083190918, "best_acc": 0.680293083190918, "loss": 0.9297370912753828, "epoch_time": 1349.0670580863953}, "11": {"global_step": 9636, "best_epoch": 11, "acc": 0.6927160620689392, "best_acc": 0.6927160620689392, "loss": 0.925595448497372, "epoch_time": 1344.8683919906616}, "12": {"global_step": 10512, "best_epoch": 12, "acc": 0.6980250477790833, "best_acc": 0.6980250477790833, "loss": 0.9218639350146101, "epoch_time": 1344.9818875789642}, "13": {"global_step": 11388, "best_epoch": 13, "acc": 0.7023784518241882, "best_acc": 0.7023784518241882, "loss": 0.9181914446403739, "epoch_time": 1342.5430867671967}, "14": {"global_step": 12264, "best_epoch": 13, "acc": 0.7011042833328247, "best_acc": 0.7023784518241882, "loss": 0.9149082694968133, "epoch_time": 1337.546463251114}, "15": {"global_step": 13140, "best_epoch": 15, "acc": 0.7066256403923035, "best_acc": 0.7066256403923035, "loss": 0.911810096295457, "epoch_time": 1344.0852768421173}, "16": {"global_step": 14016, "best_epoch": 15, "acc": 0.7050329446792603, "best_acc": 0.7066256403923035, "loss": 0.9088334810056778, "epoch_time": 1344.1050057411194}, "17": {"global_step": 14892, "best_epoch": 17, "acc": 0.7074750661849976, "best_acc": 0.7074750661849976, "loss": 0.9061526271234173, "epoch_time": 1342.6111454963684}, "18": {"global_step": 15768, "best_epoch": 17, "acc": 0.7051391005516052, "best_acc": 0.7074750661849976, "loss": 0.9037038963278619, "epoch_time": 1344.452140569687}, "19": {"global_step": 16644, "best_epoch": 19, "acc": 0.7131025791168213, "best_acc": 0.7131025791168213, "loss": 0.9011565272666547, "epoch_time": 1343.406076669693}, "20": {"global_step": 17520, "best_epoch": 19, "acc": 0.7125716805458069, "best_acc": 0.7131025791168213, "loss": 0.8988890756346863, "epoch_time": 1344.3495466709137}, "21": {"global_step": 18396, "best_epoch": 21, "acc": 0.7132087349891663, "best_acc": 0.7132087349891663, "loss": 0.8966094759604961, "epoch_time": 1341.95818734169}, "22": {"global_step": 19272, "best_epoch": 22, "acc": 0.7181991934776306, "best_acc": 0.7181991934776306, "loss": 0.8943480961318578, "epoch_time": 1344.2285475730896}, "23": {"global_step": 20148, "best_epoch": 23, "acc": 0.7221278548240662, "best_acc": 0.7221278548240662, "loss": 0.8922786494794288, "epoch_time": 1342.072410583496}, "24": {"global_step": 21024, "best_epoch": 23, "acc": 0.7077935934066772, "best_acc": 0.7221278548240662, "loss": 0.8902986256981231, "epoch_time": 1344.5542299747467}, "25": {"global_step": 21900, "best_epoch": 23, "acc": 0.7186239361763, "best_acc": 0.7221278548240662, "loss": 0.8883088107658847, "epoch_time": 1346.741183757782}, "26": {"global_step": 22776, "best_epoch": 23, "acc": 0.7132087349891663, "best_acc": 0.7221278548240662, "loss": 0.886428380561034, "epoch_time": 1343.8066375255585}, "27": {"global_step": 23652, "best_epoch": 27, "acc": 0.7246761918067932, "best_acc": 0.7246761918067932, "loss": 0.8845431396078381, "epoch_time": 1345.8007338047028}, "28": {"global_step": 24528, "best_epoch": 27, "acc": 0.7128902077674866, "best_acc": 0.7246761918067932, "loss": 0.8827554672781502, "epoch_time": 1341.9019079208374}, "29": {"global_step": 25404, "best_epoch": 27, "acc": 0.7227649092674255, "best_acc": 0.7246761918067932, "loss": 0.8809742457171047, "epoch_time": 1342.8927822113037}, "30": {"global_step": 26280, "best_epoch": 27, "acc": 0.7181991934776306, "best_acc": 0.7246761918067932, "loss": 0.8792286007258264, "epoch_time": 1340.36461019516}, "31": {"global_step": 27156, "best_epoch": 31, "acc": 0.7253132462501526, "best_acc": 0.7253132462501526, "loss": 0.8776574315817933, "epoch_time": 1346.0691821575165}, "32": {"global_step": 28032, "best_epoch": 31, "acc": 0.7170312404632568, "best_acc": 0.7253132462501526, "loss": 0.8297675571757365, "epoch_time": 1334.1851034164429}, "33": {"global_step": 28908, "best_epoch": 31, "acc": 0.7251008749008179, "best_acc": 0.7253132462501526, "loss": 0.8288561807919855, "epoch_time": 1327.457447528839}, "34": {"global_step": 29784, "best_epoch": 31, "acc": 0.7200042605400085, "best_acc": 0.7253132462501526, "loss": 0.8272809639142166, "epoch_time": 1330.2089071273804}, "35": {"global_step": 30660, "best_epoch": 31, "acc": 0.7235081791877747, "best_acc": 0.7253132462501526, "loss": 0.8252441938541252, "epoch_time": 1328.024605512619}, "36": {"global_step": 31536, "best_epoch": 36, "acc": 0.7305160164833069, "best_acc": 0.7305160164833069, "loss": 0.8240274993660243, "epoch_time": 1325.0008337497711}, "37": {"global_step": 32412, "best_epoch": 36, "acc": 0.7280738949775696, "best_acc": 0.7305160164833069, "loss": 0.8240833251625073, "epoch_time": 1328.805947303772}, "38": {"global_step": 33288, "best_epoch": 36, "acc": 0.7237205505371094, "best_acc": 0.7305160164833069, "loss": 0.8234602021708336, "epoch_time": 1331.4300355911255}, "39": {"global_step": 34164, "best_epoch": 36, "acc": 0.7263750433921814, "best_acc": 0.7305160164833069, "loss": 0.8237196831840631, "epoch_time": 1334.6102995872498}, "40": {"global_step": 35040, "best_epoch": 36, "acc": 0.7219154834747314, "best_acc": 0.7305160164833069, "loss": 0.8218328105214887, "epoch_time": 1333.2630145549774}, "41": {"global_step": 35916, "best_epoch": 36, "acc": 0.7169250249862671, "best_acc": 0.7305160164833069, "loss": 0.8193647668105827, "epoch_time": 1333.2392354011536}}