{"1": {"global_step": 876, "best_epoch": 1, "acc": 0.5094500184059143, "best_acc": 0.5094500184059143, "loss": 1.0333448208902525, "epoch_time": 1339.5261466503143}, "2": {"global_step": 1752, "best_epoch": 2, "acc": 0.5746443271636963, "best_acc": 0.5746443271636963, "loss": 0.9980566533937302, "epoch_time": 1342.1746854782104}, "3": {"global_step": 2628, "best_epoch": 3, "acc": 0.6120195388793945, "best_acc": 0.6120195388793945, "loss": 0.9786538766580811, "epoch_time": 1344.4325885772705}, "4": {"global_step": 3504, "best_epoch": 4, "acc": 0.6292206645011902, "best_acc": 0.6292206645011902, "loss": 0.96525635024252, "epoch_time": 1342.3816375732422}, "5": {"global_step": 4380, "best_epoch": 5, "acc": 0.648120641708374, "best_acc": 0.648120641708374, "loss": 0.955272658298549, "epoch_time": 1342.108737230301}, "6": {"global_step": 5256, "best_epoch": 6, "acc": 0.658950924873352, "best_acc": 0.658950924873352, "loss": 0.9476427147377572, "epoch_time": 1343.2350146770477}, "7": {"global_step": 6132, "best_epoch": 7, "acc": 0.6808239817619324, "best_acc": 0.6808239817619324, "loss": 0.9407908632447342, "epoch_time": 1343.1216599941254}, "8": {"global_step": 7008, "best_epoch": 8, "acc": 0.6842216849327087, "best_acc": 0.6842216849327087, "loss": 0.9350793844420616, "epoch_time": 1342.2949290275574}, "9": {"global_step": 7884, "best_epoch": 8, "acc": 0.6832661032676697, "best_acc": 0.6842216849327087, "loss": 0.9301720739454258, "epoch_time": 1340.4950070381165}, "10": {"global_step": 8760, "best_epoch": 10, "acc": 0.6854958534240723, "best_acc": 0.6854958534240723, "loss": 0.9258486111618612, "epoch_time": 1343.8575026988983}, "11": {"global_step": 9636, "best_epoch": 11, "acc": 0.6980250477790833, "best_acc": 0.6980250477790833, "loss": 0.9216548712385201, "epoch_time": 1341.452726840973}, "12": {"global_step": 10512, "best_epoch": 12, "acc": 0.7006795406341553, "best_acc": 0.7006795406341553, "loss": 0.917978740763628, "epoch_time": 1343.0403666496277}, "13": {"global_step": 11388, "best_epoch": 12, "acc": 0.6994054317474365, "best_acc": 0.7006795406341553, "loss": 0.9144614232886579, "epoch_time": 1342.5644135475159}, "14": {"global_step": 12264, "best_epoch": 12, "acc": 0.7003610134124756, "best_acc": 0.7006795406341553, "loss": 0.9114031408271289, "epoch_time": 1342.2335188388824}, "15": {"global_step": 13140, "best_epoch": 15, "acc": 0.7042896747589111, "best_acc": 0.7042896747589111, "loss": 0.9085589595218408, "epoch_time": 1343.078447341919}, "16": {"global_step": 14016, "best_epoch": 15, "acc": 0.6986621618270874, "best_acc": 0.7042896747589111, "loss": 0.9058712660781529, "epoch_time": 1345.9507155418396}, "17": {"global_step": 14892, "best_epoch": 15, "acc": 0.7031216621398926, "best_acc": 0.7042896747589111, "loss": 0.903469990101387, "epoch_time": 1341.0180866718292}, "18": {"global_step": 15768, "best_epoch": 15, "acc": 0.7002548575401306, "best_acc": 0.7042896747589111, "loss": 0.901275186128026, "epoch_time": 1343.365055322647}, "19": {"global_step": 16644, "best_epoch": 19, "acc": 0.7127840518951416, "best_acc": 0.7127840518951416, "loss": 0.8989741842789994, "epoch_time": 1342.400806903839}, "20": {"global_step": 17520, "best_epoch": 19, "acc": 0.7120407819747925, "best_acc": 0.7127840518951416, "loss": 0.8969213688618516, "epoch_time": 1341.5470058918}, "21": {"global_step": 18396, "best_epoch": 19, "acc": 0.7111913561820984, "best_acc": 0.7127840518951416, "loss": 0.8948581750450199, "epoch_time": 1344.6881575584412}, "22": {"global_step": 19272, "best_epoch": 22, "acc": 0.7176682949066162, "best_acc": 0.7176682949066162, "loss": 0.8928104940757013, "epoch_time": 1344.5422298908234}, "23": {"global_step": 20148, "best_epoch": 23, "acc": 0.7192609906196594, "best_acc": 0.7192609906196594, "loss": 0.8909251302220363, "epoch_time": 1341.5357038974762}, "24": {"global_step": 21024, "best_epoch": 23, "acc": 0.7054576277732849, "best_acc": 0.7192609906196594, "loss": 0.8890846879356165, "epoch_time": 1343.9539632797241}, "25": {"global_step": 21900, "best_epoch": 23, "acc": 0.7150138020515442, "best_acc": 0.7192609906196594, "loss": 0.8872454240278567, "epoch_time": 1344.0164692401886}, "26": {"global_step": 22776, "best_epoch": 23, "acc": 0.7153323292732239, "best_acc": 0.7192609906196594, "loss": 0.8854903523225637, "epoch_time": 1345.1294476985931}, "27": {"global_step": 23652, "best_epoch": 27, "acc": 0.721384584903717, "best_acc": 0.721384584903717, "loss": 0.8837188066145741, "epoch_time": 1342.480746269226}, "28": {"global_step": 24528, "best_epoch": 27, "acc": 0.713421106338501, "best_acc": 0.721384584903717, "loss": 0.8820257356070803, "epoch_time": 1343.7265212535858}, "29": {"global_step": 25404, "best_epoch": 29, "acc": 0.7218093276023865, "best_acc": 0.7218093276023865, "loss": 0.8803387938442427, "epoch_time": 1345.8763375282288}, "30": {"global_step": 26280, "best_epoch": 29, "acc": 0.7146952748298645, "best_acc": 0.7218093276023865, "loss": 0.8786600480567738, "epoch_time": 1341.6534886360168}, "31": {"global_step": 27156, "best_epoch": 29, "acc": 0.7196857333183289, "best_acc": 0.7218093276023865, "loss": 0.8769592373031179, "epoch_time": 1341.4457879066467}, "32": {"global_step": 28032, "best_epoch": 29, "acc": 0.7184115648269653, "best_acc": 0.7218093276023865, "loss": 0.8753573646190572, "epoch_time": 1344.313256263733}, "33": {"global_step": 28908, "best_epoch": 29, "acc": 0.7178806662559509, "best_acc": 0.7218093276023865, "loss": 0.8737954891588211, "epoch_time": 1344.764402627945}, "34": {"global_step": 29784, "best_epoch": 29, "acc": 0.7214908003807068, "best_acc": 0.7218093276023865, "loss": 0.8723140007849025, "epoch_time": 1341.0796763896942}, "35": {"global_step": 30660, "best_epoch": 35, "acc": 0.7223402261734009, "best_acc": 0.7223402261734009, "loss": 0.8708459394824171, "epoch_time": 1343.205409526825}, "36": {"global_step": 31536, "best_epoch": 35, "acc": 0.7146952748298645, "best_acc": 0.7223402261734009, "loss": 0.8694599870306958, "epoch_time": 1345.2481207847595}, "37": {"global_step": 32412, "best_epoch": 35, "acc": 0.7200042605400085, "best_acc": 0.7223402261734009, "loss": 0.8681610958283145, "epoch_time": 1343.6643373966217}, "38": {"global_step": 33288, "best_epoch": 35, "acc": 0.7215969562530518, "best_acc": 0.7223402261734009, "loss": 0.8668638399317127, "epoch_time": 1344.5930211544037}, "39": {"global_step": 34164, "best_epoch": 35, "acc": 0.7211722135543823, "best_acc": 0.7223402261734009, "loss": 0.8656148529889475, "epoch_time": 1345.06520986557}, "40": {"global_step": 35040, "best_epoch": 35, "acc": 0.7138458490371704, "best_acc": 0.7223402261734009, "loss": 0.8643941391429536, "epoch_time": 1331.7571711540222}, "41": {"global_step": 35916, "best_epoch": 35, "acc": 0.7197918891906738, "best_acc": 0.7223402261734009, "loss": 0.8632371973630938, "epoch_time": 1334.4404034614563}, "42": {"global_step": 36792, "best_epoch": 35, "acc": 0.711616039276123, "best_acc": 0.7223402261734009, "loss": 0.8621496871181819, "epoch_time": 1334.897565126419}, "43": {"global_step": 37668, "best_epoch": 35, "acc": 0.710660457611084, "best_acc": 0.7223402261734009, "loss": 0.8143836263244011, "epoch_time": 1336.522759437561}, "44": {"global_step": 38544, "best_epoch": 35, "acc": 0.7176682949066162, "best_acc": 0.7223402261734009, "loss": 0.8141552834478143, "epoch_time": 1351.340173482895}, "45": {"global_step": 39420, "best_epoch": 35, "acc": 0.7151200175285339, "best_acc": 0.7223402261734009, "loss": 0.8131715639450415, "epoch_time": 1351.5575022697449}, "46": {"global_step": 40296, "best_epoch": 35, "acc": 0.7202166318893433, "best_acc": 0.7223402261734009, "loss": 0.8131300151756365, "epoch_time": 1346.724771976471}, "47": {"global_step": 41172, "best_epoch": 47, "acc": 0.7241452932357788, "best_acc": 0.7241452932357788, "loss": 0.8126297725662249, "epoch_time": 1360.7988717556}, "48": {"global_step": 42048, "best_epoch": 47, "acc": 0.717774510383606, "best_acc": 0.7241452932357788,