{"1": {"global_step": 876, "best_epoch": 1, "acc": 0.5086005330085754, "best_acc": 0.5086005330085754, "loss": 1.0332958150535958, "epoch_time": 1334.8849098682404}, "2": {"global_step": 1752, "best_epoch": 2, "acc": 0.5682735443115234, "best_acc": 0.5682735443115234, "loss": 0.999556596148504, "epoch_time": 1334.9407227039337}, "3": {"global_step": 2628, "best_epoch": 3, "acc": 0.6070290803909302, "best_acc": 0.6070290803909302, "loss": 0.9806465163169205, "epoch_time": 1332.9294641017914}, "4": {"global_step": 3504, "best_epoch": 4, "acc": 0.6213633418083191, "best_acc": 0.6213633418083191, "loss": 0.9673598392368996, "epoch_time": 1334.2567036151886}, "5": {"global_step": 4380, "best_epoch": 5, "acc": 0.6365470290184021, "best_acc": 0.6365470290184021, "loss": 0.9575695781266853, "epoch_time": 1319.1948580741882}, "6": {"global_step": 5256, "best_epoch": 6, "acc": 0.6514121890068054, "best_acc": 0.6514121890068054, "loss": 0.949988445961675, "epoch_time": 1325.3947880268097}, "7": {"global_step": 6132, "best_epoch": 7, "acc": 0.6720110774040222, "best_acc": 0.6720110774040222, "loss": 0.9431351904416504, "epoch_time": 1326.5462789535522}, "8": {"global_step": 7008, "best_epoch": 8, "acc": 0.6800807118415833, "best_acc": 0.6800807118415833, "loss": 0.9374509972762571, "epoch_time": 1333.0525221824646}, "9": {"global_step": 7884, "best_epoch": 9, "acc": 0.6807177662849426, "best_acc": 0.6807177662849426, "loss": 0.932499298524397, "epoch_time": 1330.7890844345093}, "10": {"global_step": 8760, "best_epoch": 10, "acc": 0.6835846304893494, "best_acc": 0.6835846304893494, "loss": 0.9280542617451111, "epoch_time": 1330.7957074642181}, "11": {"global_step": 9636, "best_epoch": 11, "acc": 0.6989806890487671, "best_acc": 0.6989806890487671, "loss": 0.9237368913508887, "epoch_time": 1333.9880993366241}, "12": {"global_step": 10512, "best_epoch": 12, "acc": 0.70089191198349, "best_acc": 0.70089191198349, "loss": 0.9198749133157494, "epoch_time": 1325.2063035964966}, "13": {"global_step": 11388, "best_epoch": 13, "acc": 0.703440248966217, "best_acc": 0.703440248966217, "loss": 0.9161336748410326, "epoch_time": 1329.581437587738}, "14": {"global_step": 12264, "best_epoch": 14, "acc": 0.703652560710907, "best_acc": 0.703652560710907, "loss": 0.9128382040767287, "epoch_time": 1333.1437120437622}, "15": {"global_step": 13140, "best_epoch": 15, "acc": 0.7109789848327637, "best_acc": 0.7109789848327637, "loss": 0.9097391224388299, "epoch_time": 1335.4160673618317}, "16": {"global_step": 14016, "best_epoch": 15, "acc": 0.7042896747589111, "best_acc": 0.7109789848327637, "loss": 0.9067951024650303, "epoch_time": 1333.1827809810638}, "17": {"global_step": 14892, "best_epoch": 15, "acc": 0.7104480862617493, "best_acc": 0.7109789848327637, "loss": 0.9041445199885485, "epoch_time": 1334.894106388092}, "18": {"global_step": 15768, "best_epoch": 15, "acc": 0.706307053565979, "best_acc": 0.7109789848327637, "loss": 0.9017392852126735, "epoch_time": 1334.7669131755829}, "19": {"global_step": 16644, "best_epoch": 19, "acc": 0.7162879705429077, "best_acc": 0.7162879705429077, "loss": 0.8992418003208332, "epoch_time": 1335.7770998477936}, "20": {"global_step": 17520, "best_epoch": 19, "acc": 0.7120407819747925, "best_acc": 0.7162879705429077, "loss": 0.8970163024179467, "epoch_time": 1334.1418356895447}, "21": {"global_step": 18396, "best_epoch": 19, "acc": 0.7127840518951416, "best_acc": 0.7162879705429077, "loss": 0.8947857773661692, "epoch_time": 1324.247043132782}, "22": {"global_step": 19272, "best_epoch": 22, "acc": 0.7165003418922424, "best_acc": 0.7165003418922424, "loss": 0.8925939276628893, "epoch_time": 1325.3666970729828}, "23": {"global_step": 20148, "best_epoch": 23, "acc": 0.7210660576820374, "best_acc": 0.7210660576820374, "loss": 0.8905618736638373, "epoch_time": 1325.3172416687012}, "24": {"global_step": 21024, "best_epoch": 23, "acc": 0.7073688507080078, "best_acc": 0.7210660576820374, "loss": 0.8886020355283806, "epoch_time": 1327.7446601390839}, "25": {"global_step": 21900, "best_epoch": 23, "acc": 0.7176682949066162, "best_acc": 0.7210660576820374, "loss": 0.886640534441765, "epoch_time": 1325.621150970459}, "26": {"global_step": 22776, "best_epoch": 23, "acc": 0.7137396335601807, "best_acc": 0.7210660576820374, "loss": 0.8847831628135853, "epoch_time": 1325.2382316589355}, "27": {"global_step": 23652, "best_epoch": 27, "acc": 0.7232958078384399, "best_acc": 0.7232958078384399, "loss": 0.8829207394442824, "epoch_time": 1334.0647554397583}, "28": {"global_step": 24528, "best_epoch": 27, "acc": 0.7176682949066162, "best_acc": 0.7232958078384399, "loss": 0.8811470648372244, "epoch_time": 1334.5457971096039}, "29": {"global_step": 25404, "best_epoch": 29, "acc": 0.7263750433921814, "best_acc": 0.7263750433921814, "loss": 0.8793685797175503, "epoch_time": 1332.2761104106903}, "30": {"global_step": 26280, "best_epoch": 29, "acc": 0.7188363075256348, "best_acc": 0.7263750433921814, "loss": 0.8776170903575837, "epoch_time": 1332.4689412117004}, "31": {"global_step": 27156, "best_epoch": 29, "acc": 0.7208536863327026, "best_acc": 0.7263750433921814, "loss": 0.8759042016030376, "epoch_time": 1334.3577780723572}, "32": {"global_step": 28032, "best_epoch": 29, "acc": 0.7198981046676636, "best_acc": 0.7263750433921814, "loss": 0.8742764989726381, "epoch_time": 1336.6559867858887}, "33": {"global_step": 28908, "best_epoch": 29, "acc": 0.7202166318893433, "best_acc": 0.7263750433921814, "loss": 0.8726621656265597, "epoch_time": 1334.48881483078}, "34": {"global_step": 29784, "best_epoch": 29, "acc": 0.7212784290313721, "best_acc": 0.7263750433921814, "loss": 0.8711117602606598, "epoch_time": 1333.8582863807678}, "35": {"global_step": 30660, "best_epoch": 29, "acc": 0.7236143946647644, "best_acc": 0.7263750433921814, "loss": 0.8695628937423735, "epoch_time": 1332.4716732501984}, "36": {"global_step": 31536, "best_epoch": 29, "acc": 0.7185177206993103, "best_acc": 0.7263750433921814, "loss": 0.8680801500468494, "epoch_time": 1335.138616323471}, "37": {"global_step": 32412, "best_epoch": 29, "acc": 0.7260565161705017, "best_acc": 0.7263750433921814, "loss": 0.8666860535492592, "epoch_time": 1334.3195095062256}, "38": {"global_step": 33288, "best_epoch": 29, "acc": 0.7228711247444153, "best_acc": 0.7263750433921814, "loss": 0.8652741582856044, "epoch_time": 1333.0942726135254}, "39": {"global_step": 34164, "best_epoch": 29, "acc": 0.7239329218864441, "best_acc": 0.7263750433921814, "loss": 0.8638902968307134, "epoch_time": 1334.3237187862396}, "40": {"global_step": 35040, "best_epoch": 29, "acc": 0.7152261734008789, "best_acc": 0.7263750433921814, "loss": 0.8625162654713681, "epoch_time": 1335.0469064712524}, "41": {"global_step": 35916, "best_epoch": 29, "acc": 0.7173497676849365, "best_acc": 0.7263750433921814, "loss": 0.8611498865435736, "epoch_time": 1333.7113795280457}, "42": {"global_step": 36792, "best_epoch": 29, "acc": 0.7137396335601807, "best_acc": 0.7263750433921814, "loss": 0.8597590293549771, "epoch_time": 1334.32683968544}, "43": {"global_step": 37668, "best_epoch": 29, "acc": 0.7202166318893433, "best_acc": 0.7263750433921814, "loss": 0.8582596730718165, "epoch_time": 1333.249630689621}, "44": {"global_step": 38544, "best_epoch": 29, "acc": 0.7195795178413391, "best_acc": 0.7263750433921814, "loss": 0.8567741861348085, "epoch_time": 1340.2618067264557}, "45": {"global_step": 39420, "best_epoch": 29, "acc": 0.7148014307022095, "best_acc": 0.7263750433921814, "loss": 0.8552862335497325, "epoch_time": 1333.5473959445953}, "46": {"global_step": 40296, "best_epoch": 29, "acc": 0.716075599193573, "best_acc": 0.7263750433921814, "loss": 0.8538211182999379, "epoch_time": 1330.3585333824158}, "47": {"global_step": 41172, "best_epoch": 29, "acc": 0.7135273218154907, "best_acc": 0.7263750433921814, "loss": 0.8523477542438579, "epoch_time": 1332.930302619934}, "48": {"global_step": 42048, "best_epoch": 29, "acc": 0.720429003238678, "best_acc": 0.7263750433921814,